
INSERT INTO LOC VALUES (1,'Ayia Napa'
),(2,'Aggastina'
),(3,'Ayia Thekla'
),(4,'Ayia Marina'
),(5,'Ayia Triada'
),(6,'Ayios Andronikos'
),(7,'Ayios Andronikos Yialousas'
),(8,'Ayios Georgios Spatharikou'
),(9,'Ayios Georgios Frenarou'
),(10,'Ayios Eystathios'
),(11,'Ayios Ilias'
),(12,'Ayios Theodoros'
),(13,'Ayios Therissos'
),(14,'Ayios Iakovos'
),(15,'Ayios Nikolaos'
),(16,'Ayios Sergios'
),(17,'Ayios Symeon'
),(18,'Ayios Filon'
),(19,'Ayios Xariton'
),(20,'Aiyialousa'
),(21,'Akanthou'
),(22,'Aloda'
),(23,'Ammohostos'
),(24,'Apostolos Andreas'
),(25,'Ardana'
),(26,'Arnadi'
),(27,'Artemi'
),(28,'Askia'
),(29,'Aygolida'
),(30,'Aygorou'
),(31,'Afantia'
),(32,'Axeritou'
),(33,'Axna'
),(34,'Vasili'
),(35,'Vatilli'
),(36,'Vitsada'
),(37,'Vothilakas'
),(38,'Vokolida'
),(39,'Vrysoules'
),(40,'Gaidouras - Nea Sparti'
),(41,'Galateia'
),(42,'Galinoporni'
),(43,'Gastria'
),(44,'Genagra'
),(45,'Gerani'
),(46,'Goufes'
),(47,'Gypsou'
),(48,'Dasaki Axnas'
),(49,'Davlos'
),(50,'Deryneia'
),(51,'Deryneia Kato'
),(52,'Deryneia Pano'
),(53,'Egkomi (Ammohostou)'
),(54,'Eptakomi'
),(55,'Kalopsida'
),(56,'Kantara'
),(57,'Kiados'
),(58,'Knodara'
),(59,'Koilanemos'
),(60,'Kontea'
),(61,'Kornokipos'
),(62,'Korovia'
),(63,'Kouklia (Ammohostou)'
),(64,'Krideia'
),(65,'Komi'
),(66,'Komi tou Gialou'
),(67,'Lapathos'
),(68,'Leonarisso'
),(69,'Leykonoiko'
),(70,'Livadia (Ammohostou)'
),(71,'Limnia'
),(72,'Liopetri'
),(73,'Lythragkomi'
),(74,'Lysi'
),(75,'Makrasyka'
),(76,'Mandres'
),(77,'Maratha'
),(78,'Marathovounos'
),(79,'Melanarga'
),(80,'Melounta'
),(81,'Milia'
),(82,'Monraga'
),(83,'Moni Ayiou Kendea'
),(84,'Moni Apostolou Vanrava'
),(85,'Moni Panayias Eleousas'
),(86,'Mousoulita'
),(87,'Mpogazi'
),(88,'Neta'
),(89,'Ovgoros'
),(90,'Paralimni'
),(91,'Patriki'
),(92,'Perivolia Trikoumou'
),(93,'Peristerona (Ammohostou)'
),(94,'Pigi'
),(95,'Platani'
),(96,'Platanissos'
),(97,'Prastio'
),(98,'Pyrga (Ammohostou)'
),(99,'Rizokarpaso'
),(100,'Salamina'
),(101,'Santalaris'
),(102,'Sinta'
),(103,'Spathariko'
),(104,'Stathmos Koroveias'
),(105,'Strovili'
),(106,'Stroggylos'
),(107,'Styulloi'
),(108,'Sygkrasi'
),(109,'Sotira (Ammohostou)'
),(110,'Tavrou'
),(111,'Trikomo'
),(112,'Trypimeni'
),(113,'Flamoudi'
),(114,'Frenaros'
),(115,'Xelones'
),(116,'Psyllatos'
),(117,'Avdellero'
),(118,'Agglikos Stratos (Larnaka)'
),(119,'Agglisides'
),(120,'Ayia Anna'
),(121,'Ayioi Vavatsinias'
),(122,'Ayios Theodoros'
),(123,'Skarinou'
),(124,'Athienou'
),(125,'Alaminos'
),(126,'Alethriko'
),(127,'Anafotida'
),(128,'Aplanta'
),(129,'Aradippou'
),(130,'Arsos Larnakas'
),(131,'Vavatsinia'
),(132,'Vavla'
),(133,'Vasiliko'
),(134,'Dekeleia'
),(135,'Delikipos'
),(136,'Diethnis Aerolimenas Larnakas'
),(137,'Drapeia'
),(138,'Dromolaksia'
),(139,'Drys Kato'
),(140,'Drys Pano'
),(141,'Zygi'
),(142,'Kalavasos'
),(143,'Kalo Xorio Larnakas'
),(144,'Kato Drys'
),(145,'Kellia'
),(146,'Kibisili'
),(147,'Kiti'
),(148,'Klaydia'
),(149,'Kornos'
),(150,'Kosi'
),(151,'Kofinou'
),(152,'Lageia'
),(153,'Larnaka'
),(154,'Leykara'
),(155,'Leykara Kato'
),(156,'Leykara Pano'
),(157,'Livadia'
),(158,'Mazotos'
),(159,'Mari'
),(160,'Maroni'
),(161,'Melini'
),(162,'Melouseia'
),(163,'Meneou'
),(164,'Menegeia'
),(165,'Moni Ayias Varvaras'
),(166,'Moni Ayias Theklas'
),(167,'Moni Ayioy Mina'
),(168,'Moni Metamorphoseos'
),(169,'Moni Panayias Galaktotrofousas'
),(170,'Moni Stavrovouniou'
),(171,'Mosfiloti'
),(172,'Xylotymbou'
),(173,'Xylofagou'
),(174,'Odou'
),(175,'Ora'
),(176,'Ormideia'
),(177,'Oroklini'
),(178,'Parsata'
),(179,'Pergamos'
),(180,'Peribolia Larnakas'
),(181,'Petrofani'
),(182,'Prosfygikos Syn. AHK'
),(183,'Prosfygikos Syn. Vattaina'
),(184,'Pila'
),(185,'Pyrga'
),(186,'Skarinou'
),(187,'Softades'
),(188,'Stathmos Kalavasou'
),(189,'Stathmos Skarinou'
),(190,'Stathmos Xoirokitias'
),(191,'Tersefanou'
),(192,'Toxni'
),(193,'Tremetousia'
),(194,'Troulloi'
),(195,'Xoirokitia'
),(196,'Psematismenos'
),(197,'Pseydas'
),(198,'Agglikos Stratos - Akrotiri'
),(199,'Agglikos Stratos - Episkopi'
),(200,'Ayios Athanasios'
),(201,'Ayios Ambrosios (Lemesos)'
),(202,'Ayios Georgios (Lemesos)'
),(203,'Ayios Dimitrios'
),(204,'Ayios Theodoros Agrou'
),(205,'Ayios Therapon'
),(206,'Ayios Thomas'
),(207,'Ayios Ioannis Agrou'
),(208,'Ayios Konstantinos'
),(209,'Ayios Mamas'
),(210,'Ayios Pavlos'
),(211,'Ayios Tyxonas'
),(212,'Agridia'
),(213,'Agros'
),(214,'Athrakos'
),(215,'Akapnou'
),(216,'Akrounta'
),(217,'Akrotiri'
),(218,'Alassa'
),(219,'Alektora'
),(220,'Amathous'
),(221,'Amiantos Kato'
),(222,'Amiantos Pano'
),(223,'Anogyra'
),(224,'Apesia'
),(225,'Arakapas'
),(226,'Armenoxori'
),(227,'Arsos'
),(228,'Asgata'
),(229,'Asomatos'
),(230,'Aydimou'
),(231,'Apsiou'
),(232,'Vasa Kellakiou'
),(233,'Vasa Koilaniou'
),(234,'Vikla'
),(235,'Vouni'
),(236,'Gerasa'
),(237,'Germasogeia'
),(238,'Gerovasa'
),(239,'Dasiko Kollgeio Prodromou'
),(240,'Dierona'
),(241,'Dymes'
),(242,'Dora'
),(243,'Doros'
),(244,'Episkopi'
),(245,'Eptagoneia'
),(246,'Erimi'
),(247,'Zanakia'
),(248,'Zoopigi'
),(249,'Kalo Xorio Lemesou'
),(250,'Kaminaria'
),(251,'Kantou'
),(252,'Kapileio'
),(253,'Kato Polemidia'
),(254,'Kellaki'
),(255,'Kivides'
),(256,'Kivides Kato'
),(257,'Kivides Pano'
),(258,'Kissousa'
),(259,'Klonari'
),(260,'Koilani'
),(261,'Kolossi'
),(262,'Korfi'
),(263,'Kouka'
),(264,'Kyperounta'
),(265,'Laneia'
),(266,'Lemesos'
),(267,'Lemithou'
),(268,'Limnatis'
),(269,'Louvaras'
),(270,'Lofou'
),(271,'Mathikoloni'
),(272,'Malia'
),(273,'Mandria (Lemesos)'
),(274,'Mesa Geitonia'
),(275,'Mesa Potamos'
),(276,'Monagri'
),(277,'Monagrouli'
),(278,'Moni'
),(279,'Moni Ayiou Georgiou Alamanou'
),(280,'Moni Ayiou Nikolaou'
),(281,'Moni Eyaggelistrias'
),(282,'Moni Zoodoxou Pigis'
),(283,'Moni Trooditissis'
),(284,'Moniatis'
),(285,'Monte Korfi'
),(286,'Mouttagiaka'
),(287,'Mylos Kato'
),(288,'Omodos'
),(289,'Palaiomylos'
),(290,'Palodeia'
),(291,'Pano Polemidia'
),(292,'Paramali'
),(293,'Paramitha'
),(294,'Parekklisia'
),(295,'Paxna'
),(296,'Pelendri'
),(297,'Pentakomo'
),(298,'Pera Pedi'
),(299,'Pissouri'
),(300,'Platanistasa'
),(301,'Platies (Metalleia)'
),(302,'Platres'
),(303,'Platres Kato'
),(304,'Platres Pano'
),(305,'Potamiou'
),(306,'Potamitissa'
),(307,'Prastio Aydimou'
),(308,'Prastio Kellakiou'
),(309,'Prodromos'
),(310,'Profitis Ilias'
),(311,'Pyrgos Lemesou'
),(312,'Saittas'
),(313,'Sanatorio Kyperountas'
),(314,'Sanida'
),(315,'Silikou'
),(316,'Souni'
),(317,'Spitali'
),(318,'Stathmos Kalou Xoriou'
),(319,'Stathmos Laneias'
),(320,'Stathmos Mozora'
),(321,'Stathmos Peykou'
),(322,'Stathmos Pissouriou'
),(323,'Stathmos Filagron'
),(324,'Sterakovou'
),(325,'Sykopetra'
),(326,'Symvoulos'
),(327,'Synoikismos Kolossiou'
),(328,'Sxoli Mitsi'
),(329,'Sotira (Lemesou)'
),(330,'Traxoni'
),(331,'Treis Elies'
),(332,'Trikoukkia'
),(333,'Trimiklini'
),(334,'Trozaina'
),(335,'Troodos'
),(336,'Tserkezoi'
),(337,'Ypsonas'
),(338,'Fasoula (Lemesos)'
),(339,'Fasouri'
),(340,'Foini'
),(341,'Foinikaria'
),(342,'Xandria'
),(343,'Ayia Varvara (Pafos)'
),(344,'Ayia Marina Kelokedaron'
),(345,'Ayia Marina Xrysoxous'
),(346,'Ayia Marinouda'
),(347,'Ayios Georgios Kelokedaron'
),(348,'Ayios Georgios Peyeias'
),(349,'Ayios Dimitrianos'
),(350,'Ayios Isidoros'
),(351,'Ayios Ioannis-Salamiou'
),(352,'Ayios Merkourios'
),(353,'Ayios Nikolaos-Salamiou'
),(354,'Akourdaleia'
),(355,'Akourdaleia Kato'
),(356,'Akourdaleia Pano'
),(357,'Akoursos'
),(358,'Amargeti'
),(359,'Ampelitis'
),(360,'Anadiou'
),(361,'Anarita'
),(362,'Andronikou'
),(363,'Aksylou'
),(364,'Argaka'
),(365,'Arminou'
),(366,'Armou'
),(367,'Arodes'
),(368,'Arodes Kato'
),(369,'Arodes Pano'
),(370,'Arximandrita Kato'
),(371,'Arximandrita Pano'
),(372,'Asprogeia'
),(373,'Axeleia'
),(374,'Vretsia'
),(375,'Galataria'
),(376,'Geroskipou'
),(377,'Giala'
),(378,'Gialia Kato'
),(379,'Gialia Pano'
),(380,'Giolou'
),(381,'Goudi'
),(382,'Dasikos Stathmos Ayias'
),(383,'Diasikos Stathmos Stavrou Psokas'
),(384,'Diethnis Aerolimenas Pafou'
),(385,'Drouseia'
),(386,'Drymou'
),(387,'Drynia'
),(388,'Eledio'
),(389,'Empa'
),(390,'Episkopi - Pafos'
),(391,'Eyretou'
),(392,'Zaxaria'
),(393,'Theletra'
),(394,'Ineia'
),(395,'Kathikas'
),(396,'Kallepeia'
),(397,'Kannaviou'
),(398,'Karamoullides'
),(399,'Kedares'
),(400,'Kelokedara'
),(401,'Kidasi'
),(402,'Kio'
),(403,'Kissonerga'
),(404,'Koili'
),(405,'Koilineia'
),(406,'Kolpos Korallion'
),(407,'Koloni'
),(408,'Koinia'
),(409,'Kouklia'
),(410,'Kourdaka'
),(411,'Kritou Marottou'
),(412,'Kritou Tera'
),(413,'Kynousa'
),(414,'Lakki'
),(415,'Lapithiou'
),(416,'Lasa'
),(417,'Lemona'
),(418,'Lempa'
),(419,'Letymvou'
),(420,'Livadi - Pafos'
),(421,'Limni'
),(422,'Loukrounou'
),(423,'Loutra tis Afroditis'
),(424,'Lisos'
),(425,'Maa'
),(426,'Makounta'
),(427,'Malounta - Pafos'
),(428,'Mamountali'
),(429,'Mamonia'
),(430,'Mandria (Pafos)'
),(431,'Marathounta'
),(432,'Maronas'
),(433,'Meladeia'
),(434,'Melamiou'
),(435,'Melandra'
),(436,'Mesa Xorio'
),(437,'Mesana'
),(438,'Mesogi'
),(439,'Milia (Pafos)'
),(440,'Miliou'
),(441,'Moni Ayiou Neofytou'
),(442,'Moni Ayion Anargyron'
),(443,'Moni Xrysorroyiatissas'
),(444,'Mousere'
),(445,'Myrmikofou'
),(446,'Moro Nero'
),(447,'Nata'
),(448,'Nea Dimmata'
),(449,'Neo Xorio Pafou'
),(450,'Nikokleia'
),(451,'Paliampela'
),(452,'Panayia'
),(453,'Panayia Kato'
),(454,'Panayia Pano'
),(455,'Pafos'
),(456,'Peyeia'
),(457,'Pelathousa'
),(458,'Pentaleia'
),(459,'Pera Vasa'
),(460,'Peristerona Xrysoxoous'
),(461,'Pitargou'
),(462,'Pittokopos'
),(463,'Polemi'
),(464,'Poli Xrysoxous'
),(465,'Pomos'
),(466,'Praitori'
),(467,'Prastio Kelokedaron'
),(468,'Prodromi'
),(469,'Salamiou'
),(470,'Sarama'
),(471,'Simou'
),(472,'Skoulli'
),(473,'Souskiou'
),(474,'Statos'
),(475,'Statos - Ayios Fotos'
),(476,'Stavrokonnou'
),(477,'Steni'
),(478,'Stroumpi'
),(479,'Stroumpi Kato'
),(480,'Stroumpi Pano'
),(481,'Tala'
),(482,'Tera'
),(483,'Timi'
),(484,'Traxypedoula'
),(485,'Trimithousa'
),(486,'Trimithousa - Lysos'
),(487,'Tsada'
),(488,'Faleia'
),(489,'Fasli'
),(490,'Fasoula - Pafos'
),(491,'Filousa Kelokedaron'
),(492,'Filousa Xrysoxous'
),(493,'Xrysoxous'
),(494,'Foinikas'
),(495,'Fyti'
),(496,'Xlorakas'
),(497,'Xoletria'
),(498,'Xoli'
),(499,'Xoulou'
),(500,'Xrysoxou'
),(501,'Psathi'
),(502,'Agglikos Stratos (Lefkosia)'
),(503,'Aggolemi'
),(504,'Ayia Varbara'
),(505,'Ayia Eirini Lefkosias'
),(506,'Ayia Kepir'
),(507,'Ayia Marina Xyliatou'
),(508,'Ayia Marina Skillouras'
),(509,'Ayio Georgoudi'
),(510,'Ayioi Iliofotoi'
),(511,'Ayioi Trmithias'
),(512,'Ayios Georgios Kaykalou'
),(513,'Ayios Georgioa Soleas'
),(514,'Ayios Dometios'
),(515,'???ifaneios Oreinis'
),(516,'Ayios Epifaneios Soleas'
),(517,'Ayios Theodoros Soleas'
),(518,'Ayios Theodoros Tillirias'
),(519,'Ayios Ioannis Malountas'
),(520,'Ayios Nikolaos Leykas'
),(521,'Ayios Nikolaos Stegis'
),(522,'Ayios Sozomenos'
),(523,'Ayiya'
),(524,'Aglantzia'
),(525,'Agrokipia'
),(526,'Agroladou'
),(527,'Akaki'
),(528,'Alampra'
),(529,'Aleyka'
),(530,'Alithinou'
),(531,'Alona'
),(532,'Ammadies'
),(533,'Ampelikou'
),(534,'Anayeia'
),(535,'Analiontas'
),(536,'Anthoupoli'
),(537,'Apliki'
),(538,'Argaki'
),(539,'Arediou'
),(540,'Asinou'
),(541,'Askas'
),(542,'Astromeritis'
),(543,'Aylona'
),(544,'Variseia'
),(545,'Vyzakia'
),(546,'Voni'
),(547,'Galata'
),(548,'Galini'
),(549,'Gerakies'
),(550,'Geri'
),(551,'Gerolakkos'
),(552,'Gourri'
),(553,'Dali'
),(554,'Dasikos Stathmos Panayias'
),(555,'Dasikos Stathmos Platanion'
),(556,'Deneia'
),(557,'Deytera'
),(558,'Deytera Kato'
),(559,'Deytera Pano'
),(560,'Dyo Potamoi'
),(561,'Egkomi'
),(562,'ELDYK'
),(563,'Elia Leykosia'
),(564,'Exo Metoxi'
),(565,'Episkopeio'
),(566,'Epixo'
),(567,'Ergates'
),(568,'Eyryxou'
),(569,'Zodeia Kato'
),(570,'Zodeia Pano'
),(571,'Kazibera'
),(572,'Kakopetria'
),(573,'Kaliana'
),(574,'Kalo Xorio Leykas'
),(575,'Kalo Xorio Oreinis'
),(576,'Kalopanayiotis'
),(577,'Kalymvakia'
),(578,'Kampi Farmaka'
),(579,'Kampia'
),(580,'Kampos'
),(581,'Kavli'
),(582,'Kannavia'
),(583,'Kapedes'
),(584,'Kapouras (Dasikos Stathmos)'
),(585,'Kapouti'
),(586,'Karavostasi'
),(587,'Kataliontas'
),(588,'Katydata'
),(589,'Kato Pyrgos Tillirias'
),(590,'Katokopia'
),(591,'Kioneli'
),(592,'Klirou'
),(593,'Kokkina'
),(594,'Kokkinotrimithia'
),(595,'Korakou'
),(596,'Kotsiatis'
),(597,'Kourdali'
),(598,'Kourou Moastiri'
),(599,'Koutrafas'
),(600,'Koutrafas Kato'
),(601,'Koutrafas Pano'
),(602,'Kythrea'
),(603,'Kyra'
),(604,'Lagoudera'
),(605,'Lazanias'
),(606,'Lakatameia'
),(607,'Latsia'
),(608,'Leyka'
),(609,'Lefkosia'
),(610,'Livadia Pitsilias'
),(611,'Limnitis'
),(612,'Linou'
),(613,'Louroukina'
),(614,'Loutros'
),(615,'Lythrodontas'
),(616,'Lympia'
),(617,'Mathiatis'
),(618,'Malounta Lefkosias'
),(619,'Mammari'
),(620,'Mansoura'
),(621,'Margi'
),(622,'Margo'
),(623,'Masari'
),(624,'Meniko'
),(625,'Mia Milia'
),(626,'Mitsero'
),(627,'Moni Ayiou Panteleimonos Axaira'
),(628,'Moni Ayiou Iraklideiou'
),(629,'Moni Arhaggelou Mixail'
),(630,'Moni Kato'
),(631,'Moni Kykkou'
),(632,'Moni Maxaira'
),(633,'Moni Panayias Theotokou'
),(634,'Moni Profiti Ilia'
),(635,'Mora'
),(636,'Morfou'
),(637,'Mosfili'
),(638,'Moutoullas'
),(639,'Mpeikioi'
),(640,'Mylikouri'
),(641,'Neo Libadi'
),(642,'Neo Xorio (Kythreas)'
),(643,'Nisou'
),(644,'Nikitari'
),(645,'Nikitas'
),(646,'Xenovounos'
),(647,'Xeros'
),(648,'Xyliatos'
),(649,'Oikos'
),(650,'Orgontas Stathmos'
),(651,'Orounta'
),(652,'Ortakioi'
),(653,'Palaikythro'
),(654,'Palaiometoxo'
),(655,'Palaixori'
),(656,'Palaixori Morfou'
),(657,'Palaixori Oreinis'
),(658,'Paxyammos'
),(659,'Pedoulas'
),(660,'Pentayeia'
),(661,'Pera'
),(662,'Pera Xorio'
),(663,'Peristerona'
),(664,'Peristeronari'
),(665,'Petra'
),(666,'Petra tou Digeni'
),(667,'Pigenia'
),(668,'Platanistasa'
),(669,'Politiko'
),(670,'Polystypos'
),(671,'Potami'
),(672,'Potamia'
),(673,'Potamos Kampou'
),(674,'Prastio Morfou'
),(675,'Pyrgos'
),(676,'Pyrgos Pano'
),(677,'Pyroi'
),(678,'Saranti'
),(679,'Selemani'
),(680,'Selladi tou Appi'
),(681,'Sia'
),(682,'Sinaoros'
),(683,'Skilloura'
),(684,'Skouriotissa'
),(685,'Soloi'
),(686,'Spilia'
),(687,'Strovolos'
),(688,'Syrianoxori'
),(689,'Temvria'
),(690,'Traxonas'
),(691,'Traxoni (Leykosias)'
),(692,'Tsakistra'
),(693,'Tseri'
),(694,'Tymvou'
),(695,'Farmakas'
),(696,'Fikardou'
),(697,'Filani'
),(698,'Flasou'
),(699,'Flasou Kato'
),(700,'Flasou Pano'
),(701,'Frodisia'
),(702,'Fterikoudi'
),(703,'Fylia'
),(704,'Xalleri'
),(705,'Xamit Mandres'
),(706,'Xrysiliou'
),(707,'Psimolofou'
)
GO


INSERT INTO USERS VALUES (1,'JNortham1','','Julius','Northam','JuliusNortham@cs.ucy.ac.cy','JuliusNortham1.com','JuliusNortham1',convert(datetime,'06/08/1982'),0,0,101,22),
(2,'JRendell2','','Joos','Rendell','JoosRendell@cs.ucy.ac.cy','JoosRendell2.com','JoosRendell2',convert(datetime,'06/08/1982'),0,1,139,52),
(3,'AShopland3','','Allan','Shopland','AllanShopland@cs.ucy.ac.cy','AllanShopland3.com','AllanShopland3',convert(datetime,'06/08/1982'),0,1,56,1),
(4,'GBickford4','','Gerrard','Bickford','GerrardBickford@cs.ucy.ac.cy','GerrardBickford4.com','GerrardBickford4',convert(datetime,'06/08/1982'),0,0,62,100),
(5,'CStrong5','','Christian','Strong','ChristianStrong@cs.ucy.ac.cy','ChristianStrong5.com','ChristianStrong5',convert(datetime,'06/08/1982'),0,0,127,12),
(6,'PBracey6','','Petros','Bracey','PetrosBracey@cs.ucy.ac.cy','PetrosBracey6.com','PetrosBracey6',convert(datetime,'06/08/1982'),0,1,20,182),
(7,'APryor7','','Archilai','Pryor','ArchilaiPryor@cs.ucy.ac.cy','ArchilaiPryor7.com','ArchilaiPryor7',convert(datetime,'06/08/1982'),0,0,64,10),
(8,'BGassick8','','Bevil','Gassick','BevilGassick@cs.ucy.ac.cy','BevilGassick8.com','BevilGassick8',convert(datetime,'06/08/1982'),0,0,127,189),
(9,'SFox9','','Susanne','Fox','SusanneFox@cs.ucy.ac.cy','SusanneFox9.com','SusanneFox9',convert(datetime,'06/08/1982'),0,0,33,74),
(10,'DFinch10','','Dimitri','Finch','DimitriFinch@cs.ucy.ac.cy','DimitriFinch10.com','DimitriFinch10',convert(datetime,'06/08/1982'),0,0,52,69),
(11,'SGermon11','','Stephen','Germon','StephenGermon@cs.ucy.ac.cy','StephenGermon11.com','StephenGermon11',convert(datetime,'06/08/1982'),0,0,120,3),
(12,'LHaywood12','','Lucretia ','Haywood','Lucretia Haywood@cs.ucy.ac.cy','Lucretia Haywood12.com','Lucretia Haywood12',convert(datetime,'06/08/1982'),1,1,40,40),
(13,'HKendall13','','Helena','Kendall','HelenaKendall@cs.ucy.ac.cy','HelenaKendall13.com','HelenaKendall13',convert(datetime,'06/08/1982'),0,0,118,116),
(14,'MTavernor14','','Michael','Tavernor','MichaelTavernor@cs.ucy.ac.cy','MichaelTavernor14.com','MichaelTavernor14',convert(datetime,'06/08/1982'),0,0,52,24),
(15,'MBeare15','','Morgan','Beare','MorganBeare@cs.ucy.ac.cy','MorganBeare15.com','MorganBeare15',convert(datetime,'06/08/1982'),0,1,68,76),
(16,'DEtches16','','Dionisis','Etches','DionisisEtches@cs.ucy.ac.cy','DionisisEtches16.com','DionisisEtches16',convert(datetime,'06/08/1982'),0,0,26,144),
(17,'MBlanchard17','','Meredith','Blanchard','MeredithBlanchard@cs.ucy.ac.cy','MeredithBlanchard17.com','MeredithBlanchard17',convert(datetime,'06/08/1982'),0,0,82,116),
(18,'HLong18','','Humphrey','Long','HumphreyLong@cs.ucy.ac.cy','HumphreyLong18.com','HumphreyLong18',convert(datetime,'06/08/1982'),0,0,128,136),
(19,'RCarne19','','Rawsone ','Carne','Rawsone Carne@cs.ucy.ac.cy','Rawsone Carne19.com','Rawsone Carne19',convert(datetime,'06/08/1982'),1,1,60,33),
(20,'NWard20','','Nasif','Ward','NasifWard@cs.ucy.ac.cy','NasifWard20.com','NasifWard20',convert(datetime,'06/08/1982'),0,0,51,60),
(21,'JBeck21','','Jerman','Beck','JermanBeck@cs.ucy.ac.cy','JermanBeck21.com','JermanBeck21',convert(datetime,'06/08/1982'),0,0,81,75),
(22,'MClemons22','','Manasses','Clemons','ManassesClemons@cs.ucy.ac.cy','ManassesClemons22.com','ManassesClemons22',convert(datetime,'06/08/1982'),0,0,67,40),
(23,'MPerkins23','','Matilda ','Perkins','Matilda Perkins@cs.ucy.ac.cy','Matilda Perkins23.com','Matilda Perkins23',convert(datetime,'06/08/1982'),1,0,16,90),
(24,'EBidder24','','Ellena','Bidder','EllenaBidder@cs.ucy.ac.cy','EllenaBidder24.com','EllenaBidder24',convert(datetime,'06/08/1982'),0,1,19,76),
(25,'JCornish25','','Jenkin','Cornish','JenkinCornish@cs.ucy.ac.cy','JenkinCornish25.com','JenkinCornish25',convert(datetime,'06/08/1982'),0,1,140,90),
(26,'JDiscombe26','','Jankin','Discombe','JankinDiscombe@cs.ucy.ac.cy','JankinDiscombe26.com','JankinDiscombe26',convert(datetime,'06/08/1982'),0,0,17,58),
(27,'BEdwards27','','Botolph','Edwards','BotolphEdwards@cs.ucy.ac.cy','BotolphEdwards27.com','BotolphEdwards27',convert(datetime,'06/08/1982'),0,1,5,76),
(28,'RAckrell28','','Richard','Ackrell','RichardAckrell@cs.ucy.ac.cy','RichardAckrell28.com','RichardAckrell28',convert(datetime,'06/08/1982'),0,1,80,77),
(29,'SAnstey29','','Susanna ','Anstey','Susanna Anstey@cs.ucy.ac.cy','Susanna Anstey29.com','Susanna Anstey29',convert(datetime,'06/08/1982'),1,1,82,116),
(30,'SSpencer30','','Silvio','Spencer','SilvioSpencer@cs.ucy.ac.cy','SilvioSpencer30.com','SilvioSpencer30',convert(datetime,'06/08/1982'),0,1,93,65),
(31,'PVeryard31','','Phillipa ','Veryard','Phillipa Veryard@cs.ucy.ac.cy','Phillipa Veryard31.com','Phillipa Veryard31',convert(datetime,'06/08/1982'),1,0,96,56),
(32,'ASplatt32','','Augustin','Splatt','AugustinSplatt@cs.ucy.ac.cy','AugustinSplatt32.com','AugustinSplatt32',convert(datetime,'06/08/1982'),0,0,4,18),
(33,'GEdmonds33','','Gkoran','Edmonds','GkoranEdmonds@cs.ucy.ac.cy','GkoranEdmonds33.com','GkoranEdmonds33',convert(datetime,'06/08/1982'),0,1,133,59),
(34,'EWebber34','','Emery','Webber','EmeryWebber@cs.ucy.ac.cy','EmeryWebber34.com','EmeryWebber34',convert(datetime,'06/08/1982'),0,1,102,48),
(35,'JRoden35','','Joan ','Roden','Joan Roden@cs.ucy.ac.cy','Joan Roden35.com','Joan Roden35',convert(datetime,'06/08/1982'),1,0,61,65),
(36,'AVenn36','','Annanias','Venn','AnnaniasVenn@cs.ucy.ac.cy','AnnaniasVenn36.com','AnnaniasVenn36',convert(datetime,'06/08/1982'),0,1,42,26),
(37,'WBussell37','','Williams','Bussell','WilliamsBussell@cs.ucy.ac.cy','WilliamsBussell37.com','WilliamsBussell37',convert(datetime,'06/08/1982'),0,1,37,122),
(38,'WHolman38','','Wombell','Holman','WombellHolman@cs.ucy.ac.cy','WombellHolman38.com','WombellHolman38',convert(datetime,'06/08/1982'),0,1,88,16),
(39,'JBlithe39','','Jenkin','Blithe','JenkinBlithe@cs.ucy.ac.cy','JenkinBlithe39.com','JenkinBlithe39',convert(datetime,'06/08/1982'),0,0,7,134),
(40,'JClay40','','Joshua','Clay','JoshuaClay@cs.ucy.ac.cy','JoshuaClay40.com','JoshuaClay40',convert(datetime,'06/08/1982'),0,1,121,64),
(41,'EParker41','','Elizeus','Parker','ElizeusParker@cs.ucy.ac.cy','ElizeusParker41.com','ElizeusParker41',convert(datetime,'06/08/1982'),0,1,47,60),
(42,'CRowe42','','Christian','Rowe','ChristianRowe@cs.ucy.ac.cy','ChristianRowe42.com','ChristianRowe42',convert(datetime,'06/08/1982'),0,1,45,58),
(43,'MPreston43','','Marion','Preston','MarionPreston@cs.ucy.ac.cy','MarionPreston43.com','MarionPreston43',convert(datetime,'06/08/1982'),0,1,19,13),
(44,'DFowler44','','Dionis','Fowler','DionisFowler@cs.ucy.ac.cy','DionisFowler44.com','DionisFowler44',convert(datetime,'06/08/1982'),0,1,20,16),
(45,'ODiment45','','Owen','Diment','OwenDiment@cs.ucy.ac.cy','OwenDiment45.com','OwenDiment45',convert(datetime,'06/08/1982'),0,1,17,48),
(46,'LHayne46','','Lucretia ','Hayne','Lucretia Hayne@cs.ucy.ac.cy','Lucretia Hayne46.com','Lucretia Hayne46',convert(datetime,'06/08/1982'),1,1,110,89),
(47,'NLloyd47','','Newton','Lloyd','NewtonLloyd@cs.ucy.ac.cy','NewtonLloyd47.com','NewtonLloyd47',convert(datetime,'06/08/1982'),0,1,46,45),
(48,'JFerris48','','Joos','Ferris','JoosFerris@cs.ucy.ac.cy','JoosFerris48.com','JoosFerris48',convert(datetime,'06/08/1982'),0,0,29,116),
(49,'GWalk49','','George','Walk','GeorgeWalk@cs.ucy.ac.cy','GeorgeWalk49.com','GeorgeWalk49',convert(datetime,'06/08/1982'),0,0,46,52),
(50,'GAbell50','','Giannis','Abell','GiannisAbell@cs.ucy.ac.cy','GiannisAbell50.com','GiannisAbell50',convert(datetime,'06/08/1982'),0,0,44,135),
(51,'JMay51','','Jerman','May','JermanMay@cs.ucy.ac.cy','JermanMay51.com','JermanMay51',convert(datetime,'06/08/1982'),0,0,15,185),
(52,'GCumming52','','Godfrey','Cumming','GodfreyCumming@cs.ucy.ac.cy','GodfreyCumming52.com','GodfreyCumming52',convert(datetime,'06/08/1982'),0,1,183,27),
(53,'PSully53','','Pierce','Sully','PierceSully@cs.ucy.ac.cy','PierceSully53.com','PierceSully53',convert(datetime,'06/08/1982'),0,0,37,145),
(54,'GMartin54','','Griffith','Martin','GriffithMartin@cs.ucy.ac.cy','GriffithMartin54.com','GriffithMartin54',convert(datetime,'06/08/1982'),0,0,60,16),
(55,'PHellier55','','Pasquere','Hellier','PasquereHellier@cs.ucy.ac.cy','PasquereHellier55.com','PasquereHellier55',convert(datetime,'06/08/1982'),0,0,171,187),
(56,'PKingdon56','','Pasco','Kingdon','PascoKingdon@cs.ucy.ac.cy','PascoKingdon56.com','PascoKingdon56',convert(datetime,'06/08/1982'),0,0,131,72),
(57,'CWhitchurch57','','Charles','Whitchurch','CharlesWhitchurch@cs.ucy.ac.cy','CharlesWhitchurch57.com','CharlesWhitchurch57',convert(datetime,'06/08/1982'),0,1,71,39),
(58,'CRice58','','Court','Rice','CourtRice@cs.ucy.ac.cy','CourtRice58.com','CourtRice58',convert(datetime,'06/08/1982'),0,1,24,24),
(59,'EBastin59','','Eliza','Bastin','ElizaBastin@cs.ucy.ac.cy','ElizaBastin59.com','ElizaBastin59',convert(datetime,'06/08/1982'),0,1,7,45),
(60,'ARattenbury60','','Adam','Rattenbury','AdamRattenbury@cs.ucy.ac.cy','AdamRattenbury60.com','AdamRattenbury60',convert(datetime,'06/08/1982'),0,1,52,63),
(61,'GDodd61','','Gabriel','Dodd','GabrielDodd@cs.ucy.ac.cy','GabrielDodd61.com','GabrielDodd61',convert(datetime,'06/08/1982'),0,1,75,17),
(62,'JMogridge62','','Johanna','Mogridge','JohannaMogridge@cs.ucy.ac.cy','JohannaMogridge62.com','JohannaMogridge62',convert(datetime,'06/08/1982'),0,1,71,53),
(63,'AGlanville63','','Ambrose','Glanville','AmbroseGlanville@cs.ucy.ac.cy','AmbroseGlanville63.com','AmbroseGlanville63',convert(datetime,'06/08/1982'),0,1,23,71),
(64,'ENicholls64','','Emma ','Nicholls','Emma Nicholls@cs.ucy.ac.cy','Emma Nicholls64.com','Emma Nicholls64',convert(datetime,'06/08/1982'),1,1,64,162),
(65,'MBussell65','','Margerie','Bussell','MargerieBussell@cs.ucy.ac.cy','MargerieBussell65.com','MargerieBussell65',convert(datetime,'06/08/1982'),0,1,96,88),
(66,'EMott66','','Emmett','Mott','EmmettMott@cs.ucy.ac.cy','EmmettMott66.com','EmmettMott66',convert(datetime,'06/08/1982'),0,0,27,73),
(67,'MBearne67','','Magdalena','Bearne','MagdalenaBearne@cs.ucy.ac.cy','MagdalenaBearne67.com','MagdalenaBearne67',convert(datetime,'06/08/1982'),0,1,21,64),
(68,'DRundle68','','Dolora ','Rundle','Dolora Rundle@cs.ucy.ac.cy','Dolora Rundle68.com','Dolora Rundle68',convert(datetime,'06/08/1982'),1,1,116,17),
(69,'FSteer69','','Francisca ','Steer','Francisca Steer@cs.ucy.ac.cy','Francisca Steer69.com','Francisca Steer69',convert(datetime,'06/08/1982'),1,1,34,48),
(70,'SJohnson70','','Sybil ','Johnson','Sybil Johnson@cs.ucy.ac.cy','Sybil Johnson70.com','Sybil Johnson70',convert(datetime,'06/08/1982'),1,0,103,43),
(71,'BEngland71','','Barnabas','England','BarnabasEngland@cs.ucy.ac.cy','BarnabasEngland71.com','BarnabasEngland71',convert(datetime,'06/08/1982'),0,1,23,132),
(72,'MWard72','','Margery ','Ward','Margery Ward@cs.ucy.ac.cy','Margery Ward72.com','Margery Ward72',convert(datetime,'06/08/1982'),1,0,102,10),
(73,'CFull73','','Cornelius','Full','CorneliusFull@cs.ucy.ac.cy','CorneliusFull73.com','CorneliusFull73',convert(datetime,'06/08/1982'),0,0,60,55),
(74,'IJervis74','','Isaac','Jervis','IsaacJervis@cs.ucy.ac.cy','IsaacJervis74.com','IsaacJervis74',convert(datetime,'06/08/1982'),0,1,110,105),
(75,'DGreenslade75','','Dionis','Greenslade','DionisGreenslade@cs.ucy.ac.cy','DionisGreenslade75.com','DionisGreenslade75',convert(datetime,'06/08/1982'),0,0,50,55),
(76,'PParr76','','Panayiotis','Parr','PanayiotisParr@cs.ucy.ac.cy','PanayiotisParr76.com','PanayiotisParr76',convert(datetime,'06/08/1982'),0,0,196,201),
(77,'HBlackmore77','','Harman','Blackmore','HarmanBlackmore@cs.ucy.ac.cy','HarmanBlackmore77.com','HarmanBlackmore77',convert(datetime,'06/08/1982'),0,0,12,44),
(78,'JGlass78','','Joosus','Glass','JoosusGlass@cs.ucy.ac.cy','JoosusGlass78.com','JoosusGlass78',convert(datetime,'06/08/1982'),0,0,104,12),
(79,'XOldridge79','','Xenofon','Oldridge','XenofonOldridge@cs.ucy.ac.cy','XenofonOldridge79.com','XenofonOldridge79',convert(datetime,'06/08/1982'),0,1,82,92),
(80,'XJoy80','','Xristos','Joy','XristosJoy@cs.ucy.ac.cy','XristosJoy80.com','XristosJoy80',convert(datetime,'06/08/1982'),0,0,27,104),
(81,'MPook81','','Michael','Pook','MichaelPook@cs.ucy.ac.cy','MichaelPook81.com','MichaelPook81',convert(datetime,'06/08/1982'),0,0,25,97),
(82,'ADennis82','','Augustine','Dennis','AugustineDennis@cs.ucy.ac.cy','AugustineDennis82.com','AugustineDennis82',convert(datetime,'06/08/1982'),0,0,48,16),
(83,'HThompson83','','Henry','Thompson','HenryThompson@cs.ucy.ac.cy','HenryThompson83.com','HenryThompson83',convert(datetime,'06/08/1982'),0,0,18,24),
(84,'EIsaac84','','Edwin','Isaac','EdwinIsaac@cs.ucy.ac.cy','EdwinIsaac84.com','EdwinIsaac84',convert(datetime,'06/08/1982'),0,1,134,70),
(85,'KWish85','','Katherine','Wish','KatherineWish@cs.ucy.ac.cy','KatherineWish85.com','KatherineWish85',convert(datetime,'06/08/1982'),0,0,50,81),
(86,'MBlight86','','Morgan','Blight','MorganBlight@cs.ucy.ac.cy','MorganBlight86.com','MorganBlight86',convert(datetime,'06/08/1982'),0,1,61,79),
(87,'ENew87','','Edmund','New','EdmundNew@cs.ucy.ac.cy','EdmundNew87.com','EdmundNew87',convert(datetime,'06/08/1982'),0,0,1,130),
(88,'MPillivant88','','Magdalena','Pillivant','MagdalenaPillivant@cs.ucy.ac.cy','MagdalenaPillivant88.com','MagdalenaPillivant88',convert(datetime,'06/08/1982'),0,0,135,182),
(89,'LNeck89','','Lancelot','Neck','LancelotNeck@cs.ucy.ac.cy','LancelotNeck89.com','LancelotNeck89',convert(datetime,'06/08/1982'),0,1,76,52),
(90,'MBlee90','','Martha ','Blee','Martha Blee@cs.ucy.ac.cy','Martha Blee90.com','Martha Blee90',convert(datetime,'06/08/1982'),1,1,11,89),
(91,'JButterworth91','','Jesper','Butterworth','JesperButterworth@cs.ucy.ac.cy','JesperButterworth91.com','JesperButterworth91',convert(datetime,'06/08/1982'),0,0,96,14),
(92,'MGliddon92','','Melchior','Gliddon','MelchiorGliddon@cs.ucy.ac.cy','MelchiorGliddon92.com','MelchiorGliddon92',convert(datetime,'06/08/1982'),0,1,4,6),
(93,'JRice93','','Justinian','Rice','JustinianRice@cs.ucy.ac.cy','JustinianRice93.com','JustinianRice93',convert(datetime,'06/08/1982'),0,0,94,66),
(94,'RRice94','','Rosanna ','Rice','Rosanna Rice@cs.ucy.ac.cy','Rosanna Rice94.com','Rosanna Rice94',convert(datetime,'06/08/1982'),1,1,26,104),
(95,'AKimmins95','','Anna','Kimmins','AnnaKimmins@cs.ucy.ac.cy','AnnaKimmins95.com','AnnaKimmins95',convert(datetime,'06/08/1982'),0,0,63,111),
(96,'AParkes96','','Albert','Parkes','AlbertParkes@cs.ucy.ac.cy','AlbertParkes96.com','AlbertParkes96',convert(datetime,'06/08/1982'),0,0,12,80),
(97,'DFursdon97','','Dimosthenis','Fursdon','DimosthenisFursdon@cs.ucy.ac.cy','DimosthenisFursdon97.com','DimosthenisFursdon97',convert(datetime,'06/08/1982'),0,0,39,96),
(98,'ECollings98','','Ethelreda','Collings','EthelredaCollings@cs.ucy.ac.cy','EthelredaCollings98.com','EthelredaCollings98',convert(datetime,'06/08/1982'),0,1,47,80),
(99,'HWills99','','Halius','Wills','HaliusWills@cs.ucy.ac.cy','HaliusWills99.com','HaliusWills99',convert(datetime,'06/08/1982'),0,1,82,10),
(100,'CBeer100','','Constance ','Beer','Constance Beer@cs.ucy.ac.cy','Constance Beer100.com','Constance Beer100',convert(datetime,'06/08/1982'),1,0,68,31)

GO

INSERT INTO Interest VALUES (1,'Aikido'
),(2,'Antiques'
),(3,'Art Collecting / Collectibles'
),(4,'Arts and Crafts'
),(5,'Astrology'
),(6,'Beadwork / Beading'
),(7,'Ballet Dancing'
),(8,'Ballroom Dancing'
),(9,'Belly Dancing'
),(10,'Bird Watching'
),(11,'Breakdancing'
),(12,'Body Art / Tattoos'
),(13,'Body Piercing'
),(14,'Cake Decorating'
),(15,'Camping'
),(16,'Candle Making'
),(17,'Coin Collecting'
),(18,'Coloring Pages'
),(19,'Computer Games'
),(20,'Cooking'
),(21,'Craft Books'
),(22,'Crochet'
),(23,'Cruising'
),(24,'Dancing'
),(25,'Dog Training'
),(26,'Diving / Snorkeling'
),(27,'Drawing / Sketching'
),(28,'Embroidery'
),(29,'Fishing'
),(30,'Flamenco'
),(31,'Floral Arrangements'
),(32,'Gardening'
),(33,'Genealogy'
),(34,'Graffiti Art'
),(35,'Graphology / Handwriting Analysis'
),(36,'Handmade / Handcrafted Jewelry'
),(37,'Handicrafts'
),(38,'Hiking'
),(39,'Hip Hop Dancing'
),(40,'Horse Riding'
),(41,'Hunting'
),(42,'Ice Skating'
),(43,'Irish Dancing'
),(44,'Italian Art'
),(45,'Jewelry Making'
),(46,'Judo'
),(47,'Kayaking'
),(48,'Kickboxing'
),(49,'Kitesurfing / Kiteboarding'
),(50,'Kids Art'
),(51,'Kids Crafts'
),(52,'Knitting'
),(53,'Kung Fu'
),(54,'Latin Dances'
),(55,'Leather Craft'
),(56,'Line Dancing'
),(57,'Martial Arts'
),(58,'Magic and Optical Illusions'
),(59,'Music'
),(60,'Acrylic Paintings'
),(61,'Face Painting'
),(62,'Oil Painting'
),(63,'Paper Crafts'
),(64,'Paragliding'
),(65,'Pet Adoption'
),(66,'Photography'
),(67,'Physical Exercises and Fitness Activities'
),(68,'Quilting'
),(69,'Radios'
),(70,'Reading'
),(71,'Riddles'
),(72,'Sand Sculpting and Sand Crafts'
),(73,'Sculpting'
),(74,'Sewing'
),(75,'Singing Lessons'
),(76,'Space Exploration'
),(77,'Stamp Collecting'
),(78,'Sudoku Puzzles'
),(79,'River / Whitewater Rafting'
),(80,'Rock and Mountain Climbing'
),(81,'Sailing and Boating'
),(82,'Salsa Dancing'
),(83,'Scale Modeling'
),(84,'Scrapbooking'
),(85,'Scuba Diving'
),(86,'Skateboarding'
),(87,'Skydiving / Parachuting'
),(88,'Snow Skiing'
),(89,'Snowboarding'
),(90,'Speed Skating'
),(91,'Stained Glass'
),(92,'Star Astronomy'
),(93,'Sumo Wrestling'
),(94,'Surfing'
),(95,'Swimming'
),(96,'Tango Dance'
),(97,'Treasure Hunting'
),(98,'Trekking'
),(99,'Vacations / Traveling'
),(100,'Watercolor Paintings'
),(101,'Wood Carving'
),(102,'Woodworking'
),(103,'Writing'
)

GO


INSERT INTO USER_INTEREST (UserID, Interest_ID) VALUES (1,26
),(1,49
),(2,62
),(3,35
),(3,32
),(4,95
),(4,81
),(5,63
),(6,10
),(6,54
),(6,6
),(7,4
),(8,64
),(8,13
),(9,77
),(10,3
),(10,8
),(10,37
),(11,22
),(11,75
),(12,72
),(13,51
),(14,3
),(14,61
),(14,21
),(15,44
),(15,93
),(15,52
),(16,57
),(16,90
),(17,82
),(17,2
),(17,61
),(18,85
),(19,80
),(20,63
),(20,15
),(20,96
),(21,98
),(22,77
),(23,86
),(23,6
),(24,90
),(24,76
),(24,69
),(25,65
),(25,16
),(26,28
),(26,80
),(26,72
),(27,73
),(28,82
),(29,100
),(29,38
),(29,18
),(30,37
),(30,78
),(30,80
),(31,10
),(32,64
),(32,47
),(32,16
),(33,18
),(34,79
),(34,85
),(34,7
),(35,17
),(36,52
),(37,32
),(38,80
),(38,12
),(39,99
),(40,78
),(40,81
),(41,88
),(42,8
),(42,101
),(42,83
),(43,31
),(43,60
),(44,41
),(44,35
),(45,35
),(45,91
),(45,76
),(46,97
),(47,46
),(47,33
),(47,101
),(48,33
),(48,4
),(48,54
),(49,13
),(49,77
),(49,58
),(50,28
),(50,72
),(51,102
),(52,14
),(53,24
),(53,73
),(54,73
),(55,30
),(55,34
),(56,75
),(57,67
),(58,15
),(58,20
),(59,70
),(59,1
),(60,77
),(60,101
),(61,88
),(62,95
),(63,93
),(64,37
),(64,39
),(64,18
),(65,74
),(65,66
),(65,82
),(66,37
),(66,14
),(67,69
),(67,93
),(68,67
),(69,60
),(69,97
),(70,46
),(71,89
),(71,7
),(72,51
),(72,80
),(72,43
),(73,78
),(73,22
),(74,76
),(74,24
),(74,65
),(75,63
),(75,31
),(75,58
),(76,98
),(76,50
),(77,77
),(77,31
),(78,35
),(78,9
),(79,97
),(80,33
),(80,40
),(81,38
),(82,91
),(82,62
),(83,55
),(84,77
),(84,53
),(85,72
),(86,39
),(86,73
),(87,50
),(87,9
),(87,54
),(88,90
),(88,55
),(89,48
),(89,71
),(89,103
),(90,84
),(90,25
),(91,66
),(92,80
),(92,49
),(93,31
),(94,84
),(94,6
),(95,101
),(95,83
),(95,41
),(96,84
),(97,10
),(97,2
),(97,69
),(98,34
),(98,93
),(99,52
),(100,27
)
GO

INSERT INTO [dbo].[User_Education]
           
     VALUES
           ('u1 edu',1)
GO
USE [master]
GO

INSERT INTO User_Quotes
          
     VALUES
           ('u1 quo',1)
GO



USE [master]
GO

INSERT INTO [dbo].[User_Work]
          
     VALUES
           ('u1 work',1)
GO


INSERT INTO FriendShip VALUES (1,2
),(1,24
),(1,39
),(1,41
),(1,46
),(1,60
),(1,62
),(1,65
),(1,84
),(1,87
),(2,1
),(2,16
),(2,18
),(2,31
),(2,32
),(2,48
),(2,51
),(2,53
),(2,62
),(2,74
),(2,88
),(2,98
),(2,100
),(3,37
),(3,46
),(3,47
),(3,51
),(3,62
),(3,94
),(3,99
),(4,80
),(5,7
),(5,10
),(5,13
),(5,24
),(5,27
),(5,39
),(5,46
),(5,48
),(5,86
),(5,87
),(6,12
),(6,40
),(6,46
),(6,90
),(7,5
),(7,71
),(8,13
),(8,34
),(8,54
),(8,63
),(8,72
),(8,80
),(8,98
),(9,10
),(9,21
),(9,35
),(9,51
),(9,52
),(10,5
),(10,9
),(10,16
),(10,30
),(10,41
),(10,53
),(10,81
),(10,84
),(10,86
),(11,41
),(11,49
),(11,53
),(11,72
),(11,83
),(11,85
),(11,94
),(12,6
),(12,41
),(12,51
),(12,84
),(12,96
),(12,99
),(13,5
),(13,8
),(13,81
),(13,92
),(14,23
),(14,59
),(14,63
),(14,74
),(15,25
),(15,31
),(15,34
),(15,41
),(15,46
),(16,2
),(16,10
),(16,20
),(16,51
),(16,54
),(16,62
),(16,70
),(16,71
),(16,96
),(16,100
),(17,38
),(17,41
),(17,46
),(17,51
),(17,56
),(18,2
),(18,74
),(18,97
),(19,23
),(19,33
),(19,49
),(19,88
),(19,97
),(20,16
),(20,23
),(20,51
),(20,59
),(21,9
),(21,23
),(21,34
),(21,44
),(21,80
),(21,83
),(21,86
),(21,90
),(22,47
),(22,54
),(23,14
),(23,19
),(23,20
),(23,21
),(23,26
),(23,30
),(23,53
),(23,78
),(23,81
),(24,1
),(24,5
),(24,34
),(24,91
),(24,94
),(25,15
),(25,51
),(25,69
),(25,92
),(26,23
),(26,92
),(27,5
),(27,61
),(28,96
),(28,98
),(29,40
),(29,54
),(30,10
),(30,23
),(30,53
),(30,63
),(30,70
),(30,80
),(30,88
),(31,2
),(31,15
),(32,2
),(32,69
),(32,80
),(33,19
),(33,38
),(33,39
),(33,41
),(33,58
),(33,73
),(33,99
),(34,8
),(34,15
),(34,21
),(34,24
),(34,45
),(34,48
),(34,53
),(34,95
),(34,96
),(34,97
),(35,9
),(35,57
),(35,60
),(35,61
),(35,99
),(36,48
),(36,62
),(37,3
),(37,69
),(37,86
),(37,87
),(38,17
),(38,33
),(38,40
),(38,41
),(38,49
),(38,59
),(38,81
),(39,1
),(39,5
),(39,33
),(40,6
),(40,29
),(40,38
),(40,65
),(40,88
),(41,1
),(41,10
),(41,11
),(41,12
),(41,15
),(41,17
),(41,33
),(41,38
),(41,57
),(41,76
),(41,86
),(41,89
),(41,96
),(41,100
),(42,51
),(43,51
),(43,53
),(43,59
),(44,21
),(44,50
),(44,54
),(44,63
),(44,68
),(44,80
),(44,87
),(44,91
),(45,34
),(45,83
),(45,87
),(45,93
),(46,1
),(46,3
),(46,5
),(46,6
),(46,15
),(46,17
),(46,48
),(46,62
),(46,72
),(46,83
),(47,3
),(47,22
),(47,47
),(47,54
),(48,2
),(48,5
),(48,34
),(48,36
),(48,46
),(48,55
),(48,82
),(48,87
),(48,93
),(49,11
),(49,19
),(49,38
),(49,63
),(49,87
),(49,96
),(50,44
),(51,2
),(51,3
),(51,9
),(51,12
),(51,16
),(51,17
),(51,20
),(51,25
),(51,42
),(51,43
),(51,81
),(52,9
),(52,74
),(52,95
),(53,2
),(53,10
),(53,11
),(53,23
),(53,30
),(53,34
),(53,43
),(53,59
),(53,60
),(53,62
),(53,73
),(53,81
),(54,8
),(54,16
),(54,22
),(54,29
),(54,44
),(54,47
),(54,72
),(54,84
),(54,91
),(55,48
),(55,60
),(56,17
),(56,63
),(56,67
),(56,74
),(56,77
),(56,82
),(57,35
),(57,41
),(57,76
),(57,82
),(57,91
),(58,33
),(58,83
),(59,14
),(59,20
),(59,38
),(59,43
),(59,53
),(59,77
),(59,79
),(59,92
),(60,1
),(60,35
),(60,53
),(60,55
),(60,63
),(60,86
),(60,90
),(61,27
),(61,35
),(61,94
),(61,98
),(61,100
),(62,1
),(62,2
),(62,3
),(62,16
),(62,36
),(62,46
),(62,53
),(62,74
),(62,83
),(62,98
),(62,100
),(63,8
),(63,14
),(63,30
),(63,44
),(63,49
),(63,56
),(63,60
),(63,63
),(63,74
),(63,92
),(63,96
),(64,87
),(65,1
),(65,40
),(67,56
),(67,69
),(67,70
),(67,85
),(67,86
),(67,96
),(68,44
),(68,96
),(69,25
),(69,32
),(69,37
),(69,67
),(69,89
),(70,16
),(70,30
),(70,67
),(70,94
),(71,7
),(71,16
),(71,79
),(72,8
),(72,11
),(72,46
),(72,54
),(72,99
),(73,33
),(73,53
),(73,87
),(73,100
),(74,2
),(74,14
),(74,18
),(74,52
),(74,56
),(74,62
),(74,63
),(74,95
),(75,93
),(76,41
),(76,57
),(77,56
),(77,59
),(77,84
),(78,23
),(78,99
),(79,59
),(79,71
),(80,4
),(80,8
),(80,21
),(80,30
),(80,32
),(80,44
),(80,85
),(80,100
),(81,10
),(81,13
),(81,23
),(81,38
),(81,51
),(81,53
),(81,90
),(82,48
),(82,56
),(82,57
),(82,93
),(83,11
),(83,21
),(83,45
),(83,46
),(83,58
),(83,62
),(83,97
),(84,1
),(84,10
),(84,12
),(84,54
),(84,77
),(84,99
),(85,11
),(85,67
),(85,80
),(85,87
),(86,5
),(86,10
),(86,21
),(86,37
),(86,41
),(86,60
),(86,67
),(86,88
),(87,1
),(87,5
),(87,37
),(87,44
),(87,45
),(87,48
),(87,49
),(87,64
),(87,73
),(87,85
),(87,99
),(88,2
),(88,19
),(88,30
),(88,40
),(88,86
),(88,97
),(89,41
),(89,69
),(90,6
),(90,21
),(90,60
),(90,81
),(90,97
),(91,24
),(91,44
),(91,54
),(91,57
),(92,13
),(92,25
),(92,26
),(92,59
),(92,63
),(92,100
),(93,45
),(93,48
),(93,75
),(93,82
),(93,96
),(94,3
),(94,11
),(94,24
),(94,61
),(94,70
),(95,34
),(95,52
),(95,74
),(96,12
),(96,16
),(96,28
),(96,34
),(96,41
),(96,49
),(96,63
),(96,67
),(96,68
),(96,93
),(97,18
),(97,19
),(97,34
),(97,83
),(97,88
),(97,90
),(97,97
),(97,99
),(98,2
),(98,8
),(98,28
),(98,61
),(98,62
),(98,100
),(99,3
),(99,12
),(99,33
),(99,35
),(99,72
),(99,78
),(99,84
),(99,87
),(99,97
),(99,100
),(100,2
),(100,16
),(100,41
),(100,61
),(100,62
),(100,73
),(100,80
),(100,92
),(100,98
),(100,99
)

GO